{"actions":[],"apps":[{"acl":{"app":[],"field":[],"record":[]},"app":null,"category":{"categories":[],"useCategory":"false"},"form":{"layout":"[{\"id\":null,\"type\":\"ROW\",\"isSubTable\":false,\"var\":null,\"label\":null,\"controlList\":[{\"styleMap\":{\"width\":278,\"height\":44},\"type\":\"SPACER\"},{\"label\":\"\\u003Cfont size=\\\"6\\\"\\u003E\\u003Cb\\u003Eお見積書\\u003C/b\\u003E\\u003C/font\\u003E\",\"styleMap\":{\"width\":162},\"type\":\"LABEL\",\"formatted\":\"\\u003Cfont size=\\\"6\\\"\\u003E\\u003Cb\\u003Eお見積書\\u003C/b\\u003E\\u003C/font\\u003E\"}]},{\"id\":null,\"type\":\"ROW\",\"isSubTable\":false,\"var\":null,\"label\":null,\"controlList\":[{\"isVirtical\":true,\"styleMap\":{\"width\":246},\"type\":\"SINGLE_LINE_TEXT\",\"var\":\"宛名\",\"label\":\"宛名\"},{\"label\":\"様\",\"styleMap\":{\"width\":48},\"type\":\"LABEL\",\"formatted\":\"様\"},{\"styleMap\":{\"width\":372,\"height\":44},\"type\":\"SPACER\"}]},{\"id\":null,\"type\":\"ROW\",\"isSubTable\":false,\"var\":null,\"label\":null,\"controlList\":[{\"styleMap\":{\"width\":633,\"height\":38},\"type\":\"SPACER\"}]},{\"id\":\"9027\",\"type\":\"SUBTABLE\",\"isSubTable\":true,\"var\":\"見積明細\",\"label\":\"見積明細\",\"controlList\":[{\"isVirtical\":true,\"styleMap\":{\"width\":201},\"type\":\"SINGLE_LINE_TEXT\",\"var\":\"型番\",\"label\":\"型番\"},{\"isVirtical\":true,\"styleMap\":{\"width\":222},\"type\":\"SINGLE_LINE_TEXT\",\"var\":\"商品名\",\"label\":\"商品名\"},{\"isVirtical\":true,\"styleMap\":{\"width\":107},\"type\":\"DECIMAL\",\"var\":\"単価\",\"label\":\"単価\"},{\"isVirtical\":true,\"styleMap\":{\"width\":102},\"type\":\"DECIMAL\",\"var\":\"数量\",\"label\":\"数量\"},{\"isVirtical\":true,\"styleMap\":{\"width\":108},\"type\":\"CALC\",\"var\":\"小計\",\"label\":\"小計\"}]},{\"id\":null,\"type\":\"ROW\",\"isSubTable\":false,\"var\":null,\"label\":null,\"controlList\":[{\"styleMap\":{\"width\":65,\"height\":38},\"type\":\"SPACER\"}]},{\"id\":null,\"type\":\"ROW\",\"isSubTable\":false,\"var\":null,\"label\":null,\"controlList\":[{\"label\":\"\\u003Cb\\u003E合計金額\\u003C/b\\u003E\",\"styleMap\":{\"width\":92},\"type\":\"LABEL\",\"formatted\":\"\\u003Cb\\u003E合計金額\\u003C/b\\u003E\"},{\"isVirtical\":true,\"styleMap\":{\"width\":125},\"type\":\"CALC\",\"var\":\"合計金額\",\"label\":\"合計金額\"}]},{\"id\":null,\"type\":\"ROW\",\"isSubTable\":false,\"var\":null,\"label\":null,\"controlList\":[{\"styleMap\":{\"width\":786},\"type\":\"HR\"}]},{\"id\":null,\"type\":\"ROW\",\"isSubTable\":false,\"var\":null,\"label\":null,\"controlList\":[{\"isVirtical\":true,\"styleMap\":{},\"canvasData\":[{\"id\":null,\"type\":\"ROW\",\"isSubTable\":false,\"var\":null,\"label\":null,\"controlList\":[{\"isVirtical\":true,\"styleMap\":{\"width\":246},\"type\":\"DECIMAL\",\"var\":\"freee認証\",\"label\":\"連携用（入力不要）\"}]},{\"id\":null,\"type\":\"ROW\",\"isSubTable\":false,\"var\":null,\"label\":null,\"controlList\":[{\"isVirtical\":true,\"styleMap\":{\"width\":750,\"height\":156,\"innerHeight\":117},\"type\":\"MULTIPLE_LINE_TEXT\",\"var\":\"備考\",\"label\":\"備考\"}]},{\"id\":null,\"type\":\"ROW\",\"isSubTable\":false,\"var\":null,\"label\":null,\"controlList\":[{\"isVirtical\":true,\"styleMap\":{\"width\":194},\"type\":\"SINGLE_LINE_TEXT\",\"var\":\"取引先コード\",\"label\":\"取引先コード\"}]}],\"type\":\"GROUP\",\"var\":\"グループ\",\"label\":\"連携用（入力不要）\"}]}]","revision":null},"iconMeta":{"internalName":null,"mime":"image/png","name":"finance_54px.png"},"info":{"automaticallyChooseTitleComponent":"false","code":null,"decimalPrecision":"16","decimalScale":"4","description":"\u003Cdiv\u003Efreee &amp; klntone BizTech Hackで使用する取引を管理するアプリです。\u003C/div\u003E\u003Cdiv\u003Eレコード詳細画面のボタンからfreeeに取引先を登録します。\u003C/div\u003E \u003Cdiv\u003E\u003Cbr /\u003E\u003C/div\u003E","enableBulkDeletion":"false","fiscalYearStartMonth":"4","iconKey":"15662","iconType":"BLOB","jsFiles":null,"jsScope":"ALL","name":"取引管理(freee & kintone BizTech hack)","roundingMode":"HALF_EVEN","theme":"PLAIN","titleComponentLocalId":null,"useComment":"true","useHistory":"true","useThumbnail":"true"},"jsFiles":[{"jsFileMetas":[{"internalName":null,"locationType":"URL","mime":null,"name":null,"url":"https://js.cybozu.com/jquery/3.4.1/jquery.min.js"},{"internalName":null,"locationType":"BLOB","mime":"text/javascript","name":"取引登録.js","url":null}],"jsType":"DESKTOP"}],"notification":{"appNotifications":[{"events":["RECORD_COMMENT_ADDED"],"target":{"entityId":"8987","entityType":"FIELD_ENTITY","includeSubs":"false"}},{"events":["RECORD_COMMENT_ADDED"],"target":{"entityId":"8988","entityType":"FIELD_ENTITY","includeSubs":"false"}}],"recordNotifications":[],"reminderTimezone":null,"reminders":[],"useComment":"true","useReminder":"false"},"plugin":{"pluginIds":[]},"reports":[],"resource":{"tables":[{"rows":[{"fields":[],"objectId":"0","subObjectId":"-1"}],"type":"AppName"},{"rows":[{"fields":[],"objectId":"0","subObjectId":"-1"}],"type":"AppDescription"},{"rows":[{"fields":[],"objectId":"8986","subObjectId":"-1"},{"fields":[],"objectId":"8987","subObjectId":"-1"},{"fields":[],"objectId":"8988","subObjectId":"-1"},{"fields":[],"objectId":"8989","subObjectId":"-1"},{"fields":[],"objectId":"8990","subObjectId":"-1"},{"fields":[],"objectId":"8991","subObjectId":"-1"},{"fields":[],"objectId":"8992","subObjectId":"-1"},{"fields":[],"objectId":"8993","subObjectId":"-1"},{"fields":[],"objectId":"9027","subObjectId":"-1"},{"fields":[],"objectId":"9023","subObjectId":"-1"},{"fields":[],"objectId":"9024","subObjectId":"-1"},{"fields":[],"objectId":"9025","subObjectId":"-1"},{"fields":[],"objectId":"9026","subObjectId":"-1"},{"fields":[],"objectId":"9031","subObjectId":"-1"},{"fields":[],"objectId":"9032","subObjectId":"-1"},{"fields":[],"objectId":"9033","subObjectId":"-1"},{"fields":[],"objectId":"5543105","subObjectId":"-1"},{"fields":[],"objectId":"5543137","subObjectId":"-1"},{"fields":[],"objectId":"5543190","subObjectId":"-1"}],"type":"FieldLabel"},{"rows":[{"fields":[],"objectId":"9030","subObjectId":"-1"},{"fields":[],"objectId":"5543129","subObjectId":"-1"},{"fields":[],"objectId":"20","subObjectId":"-1"}],"type":"ViewName"},{"rows":[{"fields":[],"objectId":"5543121","subObjectId":"-1"},{"fields":[],"objectId":"5543122","subObjectId":"-1"},{"fields":[],"objectId":"5543123","subObjectId":"-1"}],"type":"StatusState"},{"rows":[{"fields":[],"objectId":"5543126","subObjectId":"-1"},{"fields":[],"objectId":"5543127","subObjectId":"-1"}],"type":"StatusAction"}]},"schema":{"groups":[{"childLocalId":"9033","vtComponentLocalId":"5543390"},{"childLocalId":"5543137","vtComponentLocalId":"5543390"},{"childLocalId":"5543190","vtComponentLocalId":"5543390"}],"revision":null,"subTable":{"9027":{"fieldList":{"9023":{"id":"9023","label":"型番","properties":{"defaultValue":"","expression":"","hideExpression":"false","max":null,"min":null,"noLabel":"false","required":"false","unique":"false"},"type":"SINGLE_LINE_TEXT","var":"型番"},"9024":{"id":"9024","label":"商品名","properties":{"defaultValue":"","expression":"","hideExpression":"false","max":null,"min":null,"noLabel":"false","required":"false","unique":"false"},"type":"SINGLE_LINE_TEXT","var":"商品名"},"9025":{"id":"9025","label":"単価","properties":{"defaultValue":null,"digit":"false","displayScale":null,"max":null,"min":null,"noLabel":"false","required":"false","roundingMode":null,"scale":null,"unique":"false","unit":"","unitPosition":"BEFORE"},"type":"DECIMAL","var":"単価"},"9026":{"id":"9026","label":"数量","properties":{"defaultValue":null,"digit":"false","displayScale":null,"max":null,"min":null,"noLabel":"false","required":"false","roundingMode":null,"scale":null,"unique":"false","unit":"","unitPosition":"BEFORE"},"type":"DECIMAL","var":"数量"},"9031":{"id":"9031","label":"小計","properties":{"displayScale":null,"expression":"単価*数量","format":"NUMBER_DIGIT","hideExpression":"false","noLabel":"false","required":"false","roundingMode":null,"scale":null,"unit":"","unitPosition":"BEFORE"},"type":"CALC","var":"小計"}},"id":"9027","label":"見積明細","properties":{"noLabel":"true"},"type":"TABLE","var":"見積明細"}},"table":{"fieldList":{"8986":{"id":"8986","label":"レコード番号","properties":{"noLabel":"false","required":"true"},"type":"RECORD_ID","var":"レコード番号"},"8987":{"id":"8987","label":"更新者","properties":{"noLabel":"false","required":"true"},"type":"MODIFIER","var":"更新者"},"8988":{"id":"8988","label":"作成者","properties":{"noLabel":"false","required":"true"},"type":"CREATOR","var":"作成者"},"8989":{"id":"8989","label":"更新日時","properties":{"noLabel":"false","required":"true"},"type":"MODIFIED_AT","var":"更新日時"},"8990":{"id":"8990","label":"作成日時","properties":{"noLabel":"false","required":"true"},"type":"CREATED_AT","var":"作成日時"},"8991":{"id":"8991","label":"ステータス","properties":{"noLabel":"false","required":"false"},"type":"STATUS","var":"ステータス"},"8992":{"id":"8992","label":"作業者","properties":{"noLabel":"false","required":"false"},"type":"STATUS_ASSIGNEE","var":"作業者"},"8993":{"id":"8993","label":"カテゴリー","properties":{"noLabel":"false","required":"false"},"type":"CATEGORY","var":"カテゴリー"},"9032":{"id":"9032","label":"合計金額","properties":{"displayScale":null,"expression":"SUM(小計)","format":"NUMBER_DIGIT","hideExpression":"false","noLabel":"true","required":"false","roundingMode":null,"scale":null,"unit":"","unitPosition":"BEFORE"},"type":"CALC","var":"合計金額"},"9033":{"id":"9033","label":"備考","properties":{"defaultValue":"","noLabel":"false","required":"false"},"type":"MULTIPLE_LINE_TEXT","var":"備考"},"5543105":{"id":"5543105","label":"宛名","properties":{"defaultValue":"","expression":"","hideExpression":"false","max":null,"min":null,"noLabel":"false","required":"false","unique":"false"},"type":"SINGLE_LINE_TEXT","var":"宛名"},"5543137":{"id":"5543137","label":"連携用（入力不要）","properties":{"defaultValue":null,"digit":"false","displayScale":null,"max":null,"min":null,"noLabel":"false","required":"false","roundingMode":null,"scale":null,"unique":"false","unit":null,"unitPosition":"BEFORE"},"type":"DECIMAL","var":"freee認証"},"5543190":{"id":"5543190","label":"取引先コード","properties":{"defaultValue":"","expression":"","hideExpression":"false","max":null,"min":null,"noLabel":"false","required":"false","unique":"false"},"type":"SINGLE_LINE_TEXT","var":"取引先コード"},"5543390":{"id":"5543390","label":"連携用（入力不要）","properties":{"noLabel":"false","open":"false","required":"false"},"type":"GROUP","var":"グループ"}},"id":"1","label":"__ROOT__","properties":{"noLabel":"true"},"type":"TABLE","var":"__ROOT__"}},"status":{"actions":[{"app":null,"assignees":[],"filter":"5543124","from":"5543121","fromLabel":null,"id":"5543126","label":"処理開始","record":null,"revision":null,"to":"5543122","toApprovalType":null,"toLabel":null},{"app":null,"assignees":[],"filter":"5543125","from":"5543122","fromLabel":null,"id":"5543127","label":"完了する","record":null,"revision":null,"to":"5543123","toApprovalType":null,"toLabel":null}],"filters":[{"condition":"","id":"5543124","state":"5543121"},{"condition":"","id":"5543125","state":"5543122"}],"initialStateId":"5543121","states":[{"approvalType":"ONE","assignees":[],"id":"5543121","initial":true,"label":"未処理","valid":true},{"approvalType":"ONE","assignees":[],"id":"5543122","initial":false,"label":"見積中","valid":true},{"approvalType":"ONE","assignees":[],"id":"5543123","initial":false,"label":"請求済","valid":true}],"useStatus":"true"},"uuid":"552f2408-04a5-42ce-8eea-5229b9c3fb8f","views":[{"advancedMode":"false","builtinType":null,"device":null,"fields":[{"row":[{"columnWidth":null,"id":"9032"},{"columnWidth":null,"id":"9027"}]}],"filter":{"category":null,"offset":null,"order":["DESC"],"q":null,"size":null,"sort":["f8990"]},"html":null,"keyFieldId":null,"name":"見積書一覧","pager":null,"revision":null,"titleFieldId":null,"view":"9030","viewType":"LIST"},{"advancedMode":"false","builtinType":"ASSIGN","device":null,"fields":[{"row":[{"columnWidth":null,"id":"8986"},{"columnWidth":null,"id":"9032"},{"columnWidth":null,"id":"9033"},{"columnWidth":null,"id":"5543105"},{"columnWidth":null,"id":"8991"},{"columnWidth":null,"id":"8992"}]}],"filter":{"category":null,"offset":null,"order":[],"q":"f8992 in (LOGINUSER())","size":null,"sort":[]},"html":null,"keyFieldId":null,"name":"（作業者が自分）","pager":null,"revision":null,"titleFieldId":null,"view":"5543129","viewType":"LIST"},{"advancedMode":null,"builtinType":"ALL","device":null,"fields":[{"row":[{"columnWidth":null,"id":"8986"},{"columnWidth":null,"id":"9032"},{"columnWidth":null,"id":"9033"},{"columnWidth":null,"id":"5543105"},{"columnWidth":null,"id":"8991"},{"columnWidth":null,"id":"8992"},{"columnWidth":null,"id":"5543137"},{"columnWidth":null,"id":"5543190"}]}],"filter":{"category":null,"offset":null,"order":[],"q":null,"size":null,"sort":[]},"html":null,"keyFieldId":null,"name":"（すべて）","pager":null,"revision":null,"titleFieldId":null,"view":"20","viewType":"LIST"}]},{"acl":{"app":[],"field":[],"record":[]},"app":null,"category":{"categories":[],"useCategory":"false"},"form":{"layout":"[{\"id\":null,\"type\":\"ROW\",\"isSubTable\":false,\"var\":null,\"label\":null,\"controlList\":[{\"isVirtical\":true,\"styleMap\":{\"width\":192},\"type\":\"SINGLE_LINE_TEXT\",\"var\":\"型番\",\"label\":\"型番\"}]},{\"id\":null,\"type\":\"ROW\",\"isSubTable\":false,\"var\":null,\"label\":null,\"controlList\":[{\"isVirtical\":true,\"styleMap\":{\"width\":544},\"type\":\"SINGLE_LINE_TEXT\",\"var\":\"商品名\",\"label\":\"商品名\"}]},{\"id\":null,\"type\":\"ROW\",\"isSubTable\":false,\"var\":null,\"label\":null,\"controlList\":[{\"isVirtical\":true,\"styleMap\":{\"width\":192},\"type\":\"DECIMAL\",\"var\":\"価格\",\"label\":\"価格\"}]},{\"id\":null,\"type\":\"ROW\",\"isSubTable\":false,\"var\":null,\"label\":null,\"controlList\":[{\"isVirtical\":true,\"styleMap\":{\"width\":315,\"height\":156,\"innerHeight\":117},\"type\":\"MULTIPLE_LINE_TEXT\",\"var\":\"特記事項\",\"label\":\"特記事項\"}]},{\"id\":null,\"type\":\"ROW\",\"isSubTable\":false,\"var\":null,\"label\":null,\"controlList\":[{\"label\":\"\\u003Cdiv\\u003E\\u003Cfont size=\\\"1\\\"\\u003E※このアプリは見積書アプリに参照されているため、削除する前に、見積書アプリのルックアップフィールドの削除が必要です。\\u003C/font\\u003E\\u003C/div\\u003E\\u003Cdiv\\u003E\\u003Cfont size=\\\"1\\\"\\u003E詳しい削除の手順は\\u003Cb\\u003E\\u003Ca href=\\\"http://help.cybozu.com/ja/k/user/delete_app.html\\\"\\u003Eこちら\\u003C/a\\u003E\\u003C/b\\u003Eの「アプリを削除できない場合」をご覧ください。\\u003C/font\\u003E\\u003C/div\\u003E\",\"styleMap\":{\"width\":902},\"type\":\"LABEL\",\"formatted\":\"\\u003Cdiv\\u003E\\u003Cfont size=\\\"1\\\"\\u003E※このアプリは見積書アプリに参照されているため、削除する前に、見積書アプリのルックアップフィールドの削除が必要です。\\u003C/font\\u003E\\u003C/div\\u003E\\u003Cdiv\\u003E\\u003Cfont size=\\\"1\\\"\\u003E詳しい削除の手順は\\u003Cb\\u003E\\u003Ca href=\\\"http://help.cybozu.com/ja/k/user/delete_app.html\\\"\\u003Eこちら\\u003C/a\\u003E\\u003C/b\\u003Eの「アプリを削除できない場合」をご覧ください。\\u003C/font\\u003E\\u003C/div\\u003E\"}]}]","revision":null},"iconMeta":{"internalName":null,"mime":"image/png","name":"package-delivery_54px.png"},"info":{"automaticallyChooseTitleComponent":"false","code":null,"decimalPrecision":"16","decimalScale":"4","description":"\u003Cdiv\u003Efreee &amp; kintone BizTech Hackで使用する商品リストです。\u003C/div\u003E\u003Cdiv\u003Eここで選んで頂いた商品がfreeeに登録されます。\u003C/div\u003E","enableBulkDeletion":"false","fiscalYearStartMonth":"4","iconKey":"15665","iconType":"BLOB","jsFiles":null,"jsScope":"ALL","name":"商品リスト(freee & kintone BizTech hack)","roundingMode":"HALF_EVEN","theme":"REPORT","titleComponentLocalId":"9015","useComment":"true","useHistory":"true","useThumbnail":"true"},"jsFiles":[],"notification":{"appNotifications":[{"events":["RECORD_COMMENT_ADDED"],"target":{"entityId":"8999","entityType":"FIELD_ENTITY","includeSubs":"false"}},{"events":["RECORD_COMMENT_ADDED"],"target":{"entityId":"9000","entityType":"FIELD_ENTITY","includeSubs":"false"}}],"recordNotifications":[],"reminderTimezone":null,"reminders":[],"useComment":"true","useReminder":"false"},"plugin":{"pluginIds":[]},"reports":[],"resource":{"tables":[{"rows":[{"fields":[],"objectId":"0","subObjectId":"-1"}],"type":"AppName"},{"rows":[{"fields":[],"objectId":"0","subObjectId":"-1"}],"type":"AppDescription"},{"rows":[{"fields":[],"objectId":"8998","subObjectId":"-1"},{"fields":[],"objectId":"8999","subObjectId":"-1"},{"fields":[],"objectId":"9000","subObjectId":"-1"},{"fields":[],"objectId":"9001","subObjectId":"-1"},{"fields":[],"objectId":"9002","subObjectId":"-1"},{"fields":[],"objectId":"9003","subObjectId":"-1"},{"fields":[],"objectId":"9004","subObjectId":"-1"},{"fields":[],"objectId":"9005","subObjectId":"-1"},{"fields":[],"objectId":"9014","subObjectId":"-1"},{"fields":[],"objectId":"9015","subObjectId":"-1"},{"fields":[],"objectId":"9016","subObjectId":"-1"},{"fields":[],"objectId":"9017","subObjectId":"-1"}],"type":"FieldLabel"},{"rows":[{"fields":[],"objectId":"9019","subObjectId":"-1"},{"fields":[],"objectId":"20","subObjectId":"-1"}],"type":"ViewName"}]},"schema":{"groups":[],"revision":null,"subTable":{},"table":{"fieldList":{"8998":{"id":"8998","label":"レコード番号","properties":{"noLabel":"false","required":"true"},"type":"RECORD_ID","var":"レコード番号"},"8999":{"id":"8999","label":"更新者","properties":{"noLabel":"false","required":"true"},"type":"MODIFIER","var":"更新者"},"9000":{"id":"9000","label":"作成者","properties":{"noLabel":"false","required":"true"},"type":"CREATOR","var":"作成者"},"9001":{"id":"9001","label":"更新日時","properties":{"noLabel":"false","required":"true"},"type":"MODIFIED_AT","var":"更新日時"},"9002":{"id":"9002","label":"作成日時","properties":{"noLabel":"false","required":"true"},"type":"CREATED_AT","var":"作成日時"},"9003":{"id":"9003","label":"ステータス","properties":{"noLabel":"false","required":"false"},"type":"STATUS","var":"ステータス"},"9004":{"id":"9004","label":"作業者","properties":{"noLabel":"false","required":"false"},"type":"STATUS_ASSIGNEE","var":"作業者"},"9005":{"id":"9005","label":"カテゴリー","properties":{"noLabel":"false","required":"false"},"type":"CATEGORY","var":"カテゴリー"},"9014":{"id":"9014","label":"型番","properties":{"defaultValue":"","expression":"","hideExpression":"false","max":"64","min":null,"noLabel":"false","required":"false","unique":"true"},"type":"SINGLE_LINE_TEXT","var":"型番"},"9015":{"id":"9015","label":"商品名","properties":{"defaultValue":"","expression":"","hideExpression":"false","max":null,"min":null,"noLabel":"false","required":"false","unique":"false"},"type":"SINGLE_LINE_TEXT","var":"商品名"},"9016":{"id":"9016","label":"価格","properties":{"defaultValue":null,"digit":"false","displayScale":null,"max":null,"min":null,"noLabel":"false","required":"false","roundingMode":null,"scale":null,"unique":"false","unit":"","unitPosition":"BEFORE"},"type":"DECIMAL","var":"価格"},"9017":{"id":"9017","label":"特記事項","properties":{"defaultValue":"","noLabel":"false","required":"false"},"type":"MULTIPLE_LINE_TEXT","var":"特記事項"}},"id":"1","label":"__ROOT__","properties":{"noLabel":"true"},"type":"TABLE","var":"__ROOT__"}},"status":{"actions":[],"filters":[],"initialStateId":null,"states":[],"useStatus":"false"},"uuid":"ab051668-11b7-420a-ad4b-9f21b21ff2a4","views":[{"advancedMode":"false","builtinType":null,"device":null,"fields":[{"row":[{"columnWidth":null,"id":"9014"},{"columnWidth":null,"id":"9015"},{"columnWidth":null,"id":"9016"},{"columnWidth":null,"id":"9017"}]}],"filter":{"category":null,"offset":null,"order":["DESC"],"q":null,"size":null,"sort":["f9002"]},"html":null,"keyFieldId":null,"name":"商品一覧","pager":null,"revision":null,"titleFieldId":null,"view":"9019","viewType":"LIST"},{"advancedMode":null,"builtinType":"ALL","device":null,"fields":[{"row":[{"columnWidth":null,"id":"8998"},{"columnWidth":null,"id":"9014"},{"columnWidth":null,"id":"9015"},{"columnWidth":null,"id":"9016"},{"columnWidth":null,"id":"9017"}]}],"filter":{"category":null,"offset":null,"order":[],"q":null,"size":null,"sort":[]},"html":null,"keyFieldId":null,"name":"（すべて）","pager":null,"revision":null,"titleFieldId":null,"view":"20","viewType":"LIST"}]},{"acl":{"app":[],"field":[],"record":[]},"app":null,"category":{"categories":[],"useCategory":"false"},"form":{"layout":"[{\"id\":null,\"type\":\"ROW\",\"isSubTable\":false,\"var\":null,\"label\":null,\"controlList\":[{\"isVirtical\":true,\"styleMap\":{\"width\":192},\"type\":\"SINGLE_LINE_TEXT\",\"var\":\"会社名\",\"label\":\"会社名\"},{\"isVirtical\":true,\"styleMap\":{\"width\":192},\"type\":\"SINGLE_LINE_TEXT\",\"var\":\"部署名\",\"label\":\"部署名\"},{\"isVirtical\":true,\"styleMap\":{\"width\":192},\"type\":\"SINGLE_LINE_TEXT\",\"var\":\"担当者名\",\"label\":\"担当者名\"}]},{\"id\":null,\"type\":\"ROW\",\"isSubTable\":false,\"var\":null,\"label\":null,\"controlList\":[{\"isVirtical\":true,\"styleMap\":{\"width\":192},\"type\":\"SINGLE_LINE_TEXT\",\"var\":\"郵便番号\",\"label\":\"郵便番号(数字のみ)\"},{\"isVirtical\":true,\"styleMap\":{\"width\":192},\"type\":\"SINGLE_LINE_TEXT\",\"var\":\"TEL\",\"label\":\"TEL(数字のみ)\"},{\"isVirtical\":true,\"styleMap\":{\"width\":192},\"type\":\"SINGLE_LINE_TEXT\",\"var\":\"FAX\",\"label\":\"FAX(数字のみ)\"}]},{\"id\":null,\"type\":\"ROW\",\"isSubTable\":false,\"var\":null,\"label\":null,\"controlList\":[{\"isVirtical\":true,\"styleMap\":{\"width\":386},\"type\":\"SINGLE_LINE_TEXT\",\"var\":\"住所\",\"label\":\"住所\"},{\"isVirtical\":true,\"styleMap\":{\"width\":192},\"type\":\"SINGLE_SELECT\",\"var\":\"顧客ランク\",\"label\":\"顧客ランク\"}]},{\"id\":null,\"type\":\"ROW\",\"isSubTable\":false,\"var\":null,\"label\":null,\"controlList\":[{\"isVirtical\":true,\"styleMap\":{\"width\":386},\"type\":\"SINGLE_LINE_TEXT\",\"var\":\"メールアドレス\",\"label\":\"メールアドレス\"}]},{\"id\":null,\"type\":\"ROW\",\"isSubTable\":false,\"var\":null,\"label\":null,\"controlList\":[{\"isVirtical\":true,\"styleMap\":{\"width\":207},\"type\":\"FILE\",\"var\":\"会社ロゴ\",\"label\":\"会社ロゴ\"}]},{\"id\":null,\"type\":\"ROW\",\"isSubTable\":false,\"var\":null,\"label\":null,\"controlList\":[{\"isVirtical\":true,\"styleMap\":{\"width\":386,\"height\":123,\"innerHeight\":84},\"type\":\"MULTIPLE_LINE_TEXT\",\"var\":\"備考\",\"label\":\"備考\"}]},{\"id\":null,\"type\":\"ROW\",\"isSubTable\":false,\"var\":null,\"label\":null,\"controlList\":[{\"styleMap\":{\"width\":120},\"type\":\"RECORD_ID\",\"var\":\"レコード番号\",\"label\":\"レコード番号\"},{\"isVirtical\":true,\"styleMap\":{\"width\":192},\"type\":\"SINGLE_LINE_TEXT\",\"var\":\"取引先コード\",\"label\":\"取引先コード\"}]},{\"id\":null,\"type\":\"ROW\",\"isSubTable\":false,\"var\":null,\"label\":null,\"controlList\":[{\"isVirtical\":true,\"styleMap\":{},\"canvasData\":[{\"id\":null,\"type\":\"ROW\",\"isSubTable\":false,\"var\":null,\"label\":null,\"controlList\":[{\"isVirtical\":true,\"styleMap\":{\"width\":246},\"type\":\"DECIMAL\",\"var\":\"freee認証\",\"label\":\"連携用（入力不要）\"}]}],\"type\":\"GROUP\",\"var\":\"グループ\",\"label\":\"連携用（入力不要）\"}]}]","revision":null},"iconMeta":null,"info":{"automaticallyChooseTitleComponent":"false","code":null,"decimalPrecision":"16","decimalScale":"4","description":"\u003Cdiv\u003Efreee &amp; kintone BizTech Hackで使用する取引先リストです。\u003C/div\u003E\u003Cdiv\u003Eここで選んで頂いた取引先がfreeeに登録されます。\u003C/div\u003E","enableBulkDeletion":"false","fiscalYearStartMonth":"4","iconKey":"APP20","iconType":"PRESET","jsFiles":null,"jsScope":"ALL","name":"取引先リスト(freee & kintone BizTech hack)","roundingMode":"HALF_EVEN","theme":"ORDER","titleComponentLocalId":"2178","useComment":"true","useHistory":"true","useThumbnail":"true"},"jsFiles":[{"jsFileMetas":[{"internalName":null,"locationType":"URL","mime":null,"name":null,"url":"https://js.cybozu.com/jquery/3.4.1/jquery.min.js"},{"internalName":null,"locationType":"BLOB","mime":"text/javascript","name":"取引先登録.js","url":null}],"jsType":"DESKTOP"}],"notification":{"appNotifications":[{"events":["RECORD_COMMENT_ADDED"],"target":{"entityId":"2171","entityType":"FIELD_ENTITY","includeSubs":"false"}},{"events":["RECORD_COMMENT_ADDED"],"target":{"entityId":"2172","entityType":"FIELD_ENTITY","includeSubs":"false"}}],"recordNotifications":[],"reminderTimezone":null,"reminders":[],"useComment":"true","useReminder":"false"},"plugin":{"pluginIds":[]},"reports":[{"advancedMode":"false","filter":{"category":null,"offset":null,"order":[],"q":null,"size":null,"sort":[]},"isAborted":null,"name":"顧客ランク比率","processType":null,"report":"5519898","reportType":"SUBTOTAL","revision":null,"settings":"{\"groups\":[{\"id\":\"5519894\",\"op\":null}],\"summaries\":[{\"op\":\"COUNT\",\"id\":null}],\"chartType\":\"pie\",\"sort\":[\"g0\"],\"order\":[\"DESC\"]}","tallyPeriod":null,"tallyStartDateTime":null}],"resource":{"tables":[{"rows":[{"fields":[{"language":"zh","value":""},{"language":"en","value":""},{"language":"ja","value":""}],"objectId":"0","subObjectId":"-1"}],"type":"AppName"},{"rows":[{"fields":[{"language":"zh","value":""},{"language":"en","value":""},{"language":"ja","value":""}],"objectId":"0","subObjectId":"-1"}],"type":"AppDescription"},{"rows":[{"fields":[{"language":"zh","value":""},{"language":"en","value":""},{"language":"ja","value":""}],"objectId":"2170","subObjectId":"-1"},{"fields":[{"language":"zh","value":""},{"language":"en","value":""},{"language":"ja","value":""}],"objectId":"2171","subObjectId":"-1"},{"fields":[{"language":"zh","value":""},{"language":"en","value":""},{"language":"ja","value":""}],"objectId":"2172","subObjectId":"-1"},{"fields":[{"language":"zh","value":""},{"language":"en","value":""},{"language":"ja","value":""}],"objectId":"2173","subObjectId":"-1"},{"fields":[{"language":"zh","value":""},{"language":"en","value":""},{"language":"ja","value":""}],"objectId":"2174","subObjectId":"-1"},{"fields":[{"language":"zh","value":""},{"language":"en","value":""},{"language":"ja","value":""}],"objectId":"2175","subObjectId":"-1"},{"fields":[{"language":"zh","value":""},{"language":"en","value":""},{"language":"ja","value":""}],"objectId":"2176","subObjectId":"-1"},{"fields":[{"language":"zh","value":""},{"language":"en","value":""},{"language":"ja","value":""}],"objectId":"2177","subObjectId":"-1"},{"fields":[{"language":"zh","value":""},{"language":"en","value":""},{"language":"ja","value":""}],"objectId":"2178","subObjectId":"-1"},{"fields":[{"language":"zh","value":""},{"language":"en","value":""},{"language":"ja","value":""}],"objectId":"2179","subObjectId":"-1"},{"fields":[{"language":"zh","value":""},{"language":"en","value":""},{"language":"ja","value":""}],"objectId":"2180","subObjectId":"-1"},{"fields":[{"language":"zh","value":""},{"language":"en","value":""},{"language":"ja","value":""}],"objectId":"2181","subObjectId":"-1"},{"fields":[{"language":"zh","value":""},{"language":"en","value":""},{"language":"ja","value":""}],"objectId":"2182","subObjectId":"-1"},{"fields":[{"language":"zh","value":""},{"language":"en","value":""},{"language":"ja","value":""}],"objectId":"2183","subObjectId":"-1"},{"fields":[{"language":"zh","value":""},{"language":"en","value":""},{"language":"ja","value":""}],"objectId":"2184","subObjectId":"-1"},{"fields":[{"language":"zh","value":""},{"language":"en","value":""},{"language":"ja","value":""}],"objectId":"2185","subObjectId":"-1"},{"fields":[{"language":"zh","value":""},{"language":"en","value":""},{"language":"ja","value":""}],"objectId":"2186","subObjectId":"-1"},{"fields":[{"language":"zh","value":""},{"language":"en","value":""},{"language":"ja","value":""}],"objectId":"2187","subObjectId":"-1"},{"fields":[{"language":"zh","value":""},{"language":"en","value":""},{"language":"ja","value":""}],"objectId":"5519894","subObjectId":"-1"},{"fields":[{"language":"zh","value":""},{"language":"en","value":""},{"language":"ja","value":""}],"objectId":"5519894","subObjectId":"5519891"},{"fields":[{"language":"zh","value":""},{"language":"en","value":""},{"language":"ja","value":""}],"objectId":"5519894","subObjectId":"5519892"},{"fields":[{"language":"zh","value":""},{"language":"en","value":""},{"language":"ja","value":""}],"objectId":"5519894","subObjectId":"5519893"},{"fields":[],"objectId":"5543139","subObjectId":"-1"},{"fields":[],"objectId":"5543143","subObjectId":"-1"}],"type":"FieldLabel"},{"rows":[{"fields":[{"language":"zh","value":""},{"language":"en","value":""},{"language":"ja","value":""}],"objectId":"20","subObjectId":"-1"},{"fields":[{"language":"zh","value":""},{"language":"en","value":""},{"language":"ja","value":""}],"objectId":"2189","subObjectId":"-1"},{"fields":[{"language":"zh","value":""},{"language":"en","value":""},{"language":"ja","value":""}],"objectId":"5519896","subObjectId":"-1"}],"type":"ViewName"},{"rows":[{"fields":[{"language":"zh","value":""},{"language":"en","value":""},{"language":"ja","value":""}],"objectId":"5519898","subObjectId":"-1"}],"type":"ReportName"}]},"schema":{"groups":[{"childLocalId":"5543139","vtComponentLocalId":"5543389"}],"revision":null,"subTable":{},"table":{"fieldList":{"2170":{"id":"2170","label":"レコード番号","properties":{"noLabel":"false","required":"true"},"type":"RECORD_ID","var":"レコード番号"},"2171":{"id":"2171","label":"更新者","properties":{"noLabel":"false","required":"true"},"type":"MODIFIER","var":"更新者"},"2172":{"id":"2172","label":"作成者","properties":{"noLabel":"false","required":"true"},"type":"CREATOR","var":"作成者"},"2173":{"id":"2173","label":"更新日時","properties":{"noLabel":"false","required":"true"},"type":"MODIFIED_AT","var":"更新日時"},"2174":{"id":"2174","label":"作成日時","properties":{"noLabel":"false","required":"true"},"type":"CREATED_AT","var":"作成日時"},"2175":{"id":"2175","label":"ステータス","properties":{"noLabel":"false","required":"false"},"type":"STATUS","var":"ステータス"},"2176":{"id":"2176","label":"作業者","properties":{"noLabel":"false","required":"false"},"type":"STATUS_ASSIGNEE","var":"作業者"},"2177":{"id":"2177","label":"カテゴリー","properties":{"noLabel":"false","required":"false"},"type":"CATEGORY","var":"カテゴリー"},"2178":{"id":"2178","label":"会社名","properties":{"defaultValue":"","expression":"","hideExpression":"false","max":null,"min":null,"noLabel":"false","required":"false","unique":"false"},"type":"SINGLE_LINE_TEXT","var":"会社名"},"2179":{"id":"2179","label":"部署名","properties":{"defaultValue":"","expression":"","hideExpression":"false","max":null,"min":null,"noLabel":"false","required":"false","unique":"false"},"type":"SINGLE_LINE_TEXT","var":"部署名"},"2180":{"id":"2180","label":"担当者名","properties":{"defaultValue":"","expression":"","hideExpression":"false","max":null,"min":null,"noLabel":"false","required":"false","unique":"false"},"type":"SINGLE_LINE_TEXT","var":"担当者名"},"2181":{"id":"2181","label":"郵便番号(数字のみ)","properties":{"defaultValue":"","expression":"","hideExpression":"false","max":"7","min":null,"noLabel":"false","required":"false","unique":"false"},"type":"SINGLE_LINE_TEXT","var":"郵便番号"},"2182":{"id":"2182","label":"住所","properties":{"defaultValue":"","expression":"","hideExpression":"false","max":null,"min":null,"noLabel":"false","required":"false","unique":"false"},"type":"SINGLE_LINE_TEXT","var":"住所"},"2183":{"id":"2183","label":"TEL(数字のみ)","properties":{"defaultValue":"","expression":"","hideExpression":"false","max":null,"min":null,"noLabel":"false","required":"false","unique":"false"},"type":"SINGLE_LINE_TEXT","var":"TEL"},"2184":{"id":"2184","label":"FAX(数字のみ)","properties":{"defaultValue":"","expression":"","hideExpression":"false","max":null,"min":null,"noLabel":"false","required":"false","unique":"false"},"type":"SINGLE_LINE_TEXT","var":"FAX"},"2185":{"id":"2185","label":"メールアドレス","properties":{"defaultValue":"","expression":"","hideExpression":"false","max":null,"min":null,"noLabel":"false","required":"false","unique":"false"},"type":"SINGLE_LINE_TEXT","var":"メールアドレス"},"2186":{"id":"2186","label":"会社ロゴ","properties":{"noLabel":"false","required":"false","thumbnailSize":"150"},"type":"FILE","var":"会社ロゴ"},"2187":{"id":"2187","label":"備考","properties":{"defaultValue":"","noLabel":"false","required":"false"},"type":"MULTIPLE_LINE_TEXT","var":"備考"},"5519894":{"id":"5519894","label":"顧客ランク","properties":{"defaultValue":null,"noLabel":"false","options":[{"id":"5519891","label":"A","valid":true},{"id":"5519892","label":"B","valid":true},{"id":"5519893","label":"C","valid":true}],"required":"false"},"type":"SINGLE_SELECT","var":"顧客ランク"},"5543139":{"id":"5543139","label":"連携用（入力不要）","properties":{"defaultValue":null,"digit":"false","displayScale":null,"max":null,"min":null,"noLabel":"false","required":"false","roundingMode":null,"scale":null,"unique":"false","unit":null,"unitPosition":"BEFORE"},"type":"DECIMAL","var":"freee認証"},"5543143":{"id":"5543143","label":"取引先コード","properties":{"defaultValue":"","expression":"","hideExpression":"false","max":null,"min":null,"noLabel":"false","required":"false","unique":"false"},"type":"SINGLE_LINE_TEXT","var":"取引先コード"},"5543389":{"id":"5543389","label":"連携用（入力不要）","properties":{"noLabel":"false","open":"false","required":"false"},"type":"GROUP","var":"グループ"}},"id":"1","label":"__ROOT__","properties":{"noLabel":"true"},"type":"TABLE","var":"__ROOT__"}},"status":{"actions":[],"filters":[],"initialStateId":null,"states":[],"useStatus":"false"},"uuid":"a040c733-1190-48d8-9b66-fb8c730342b6","views":[{"advancedMode":"false","builtinType":null,"device":null,"fields":[{"row":[{"columnWidth":null,"id":"2170"},{"columnWidth":null,"id":"2178"},{"columnWidth":null,"id":"2179"},{"columnWidth":null,"id":"2180"},{"columnWidth":null,"id":"2182"}]}],"filter":{"category":null,"offset":null,"order":["DESC"],"q":null,"size":null,"sort":["f2174"]},"html":null,"keyFieldId":null,"name":"取引先一覧","pager":null,"revision":null,"titleFieldId":null,"view":"2189","viewType":"LIST"},{"advancedMode":"false","builtinType":null,"device":null,"fields":[{"row":[{"columnWidth":null,"id":"2170"},{"columnWidth":null,"id":"2178"},{"columnWidth":null,"id":"2179"},{"columnWidth":null,"id":"2180"},{"columnWidth":null,"id":"2182"},{"columnWidth":null,"id":"5519894"}]}],"filter":{"category":null,"offset":null,"order":["DESC"],"q":"f5519894 in (\"5519891\")","size":null,"sort":["f2174"]},"html":null,"keyFieldId":null,"name":"顧客ランクA","pager":null,"revision":null,"titleFieldId":null,"view":"5519896","viewType":"LIST"},{"advancedMode":null,"builtinType":"ALL","device":null,"fields":[{"row":[{"columnWidth":null,"id":"2170"},{"columnWidth":null,"id":"2178"},{"columnWidth":null,"id":"2179"},{"columnWidth":null,"id":"2180"},{"columnWidth":null,"id":"2181"},{"columnWidth":null,"id":"2182"},{"columnWidth":null,"id":"2183"},{"columnWidth":null,"id":"2184"},{"columnWidth":null,"id":"2185"},{"columnWidth":null,"id":"2186"},{"columnWidth":null,"id":"2187"},{"columnWidth":null,"id":"5519894"},{"columnWidth":null,"id":"5543139"},{"columnWidth":null,"id":"5543143"}]}],"filter":{"category":null,"offset":null,"order":[],"q":null,"size":null,"sort":[]},"html":null,"keyFieldId":null,"name":"（すべて）","pager":null,"revision":null,"titleFieldId":null,"view":"20","viewType":"LIST"}]},{"acl":{"app":[],"field":[],"record":[]},"app":null,"category":{"categories":[],"useCategory":"false"},"form":{"layout":"[{\"id\":null,\"type\":\"ROW\",\"isSubTable\":false,\"var\":null,\"label\":null,\"controlList\":[{\"isVirtical\":true,\"styleMap\":{\"width\":197},\"type\":\"SINGLE_SELECT\",\"var\":\"freee対象アプリ\",\"label\":\"freee対象アプリ\"}]},{\"id\":null,\"type\":\"ROW\",\"isSubTable\":false,\"var\":null,\"label\":null,\"controlList\":[{\"isVirtical\":true,\"styleMap\":{\"width\":954},\"type\":\"SINGLE_LINE_TEXT\",\"var\":\"freee_ClientID\",\"label\":\"freee_ClientID\"}]},{\"id\":null,\"type\":\"ROW\",\"isSubTable\":false,\"var\":null,\"label\":null,\"controlList\":[{\"isVirtical\":true,\"styleMap\":{\"width\":962},\"type\":\"SINGLE_LINE_TEXT\",\"var\":\"freee_ClientSecret\",\"label\":\"freee_ClientSecret\"}]}]","revision":null},"iconMeta":null,"info":{"automaticallyChooseTitleComponent":"true","code":null,"decimalPrecision":"16","decimalScale":"4","description":"\u003Cdiv\u003E\u003Cdiv\u003Efreee &amp; kintone BizTech Hackで使用するfreee認証用アプリです。\u003C/div\u003E\u003Cdiv\u003Eここで登録した認証情報を基にfreeeアプリを認証します。\u003C/div\u003E\u003C/div\u003E","enableBulkDeletion":"false","fiscalYearStartMonth":"4","iconKey":"APP39","iconType":"PRESET","jsFiles":null,"jsScope":"ALL","name":"freee認証用(freee & kintone BizTech hack)","roundingMode":"HALF_EVEN","theme":"PLAIN","titleComponentLocalId":null,"useComment":"true","useHistory":"true","useThumbnail":"true"},"jsFiles":[],"notification":{"appNotifications":[{"events":["RECORD_COMMENT_ADDED"],"target":{"entityId":"5543092","entityType":"FIELD_ENTITY","includeSubs":"false"}},{"events":["RECORD_COMMENT_ADDED"],"target":{"entityId":"5543093","entityType":"FIELD_ENTITY","includeSubs":"false"}}],"recordNotifications":[],"reminderTimezone":null,"reminders":[],"useComment":"true","useReminder":"false"},"plugin":{"pluginIds":[]},"reports":[],"resource":{"tables":[{"rows":[{"fields":[],"objectId":"0","subObjectId":"-1"}],"type":"AppName"},{"rows":[{"fields":[],"objectId":"0","subObjectId":"-1"}],"type":"AppDescription"},{"rows":[{"fields":[],"objectId":"5543091","subObjectId":"-1"},{"fields":[],"objectId":"5543092","subObjectId":"-1"},{"fields":[],"objectId":"5543093","subObjectId":"-1"},{"fields":[],"objectId":"5543094","subObjectId":"-1"},{"fields":[],"objectId":"5543095","subObjectId":"-1"},{"fields":[],"objectId":"5543096","subObjectId":"-1"},{"fields":[],"objectId":"5543097","subObjectId":"-1"},{"fields":[],"objectId":"5543098","subObjectId":"-1"},{"fields":[],"objectId":"5543099","subObjectId":"-1"},{"fields":[],"objectId":"5543100","subObjectId":"-1"},{"fields":[],"objectId":"5543132","subObjectId":"-1"},{"fields":[],"objectId":"5543132","subObjectId":"5543130"},{"fields":[],"objectId":"5543132","subObjectId":"5543131"}],"type":"FieldLabel"},{"rows":[{"fields":[],"objectId":"20","subObjectId":"-1"}],"type":"ViewName"}]},"schema":{"groups":[],"revision":null,"subTable":{},"table":{"fieldList":{"5543091":{"id":"5543091","label":"レコード番号","properties":{"noLabel":"false","required":"true"},"type":"RECORD_ID","var":"レコード番号"},"5543092":{"id":"5543092","label":"更新者","properties":{"noLabel":"false","required":"true"},"type":"MODIFIER","var":"更新者"},"5543093":{"id":"5543093","label":"作成者","properties":{"noLabel":"false","required":"true"},"type":"CREATOR","var":"作成者"},"5543094":{"id":"5543094","label":"更新日時","properties":{"noLabel":"false","required":"true"},"type":"MODIFIED_AT","var":"更新日時"},"5543095":{"id":"5543095","label":"作成日時","properties":{"noLabel":"false","required":"true"},"type":"CREATED_AT","var":"作成日時"},"5543096":{"id":"5543096","label":"ステータス","properties":{"noLabel":"false","required":"false"},"type":"STATUS","var":"ステータス"},"5543097":{"id":"5543097","label":"作業者","properties":{"noLabel":"false","required":"false"},"type":"STATUS_ASSIGNEE","var":"作業者"},"5543098":{"id":"5543098","label":"カテゴリー","properties":{"noLabel":"false","required":"false"},"type":"CATEGORY","var":"カテゴリー"},"5543099":{"id":"5543099","label":"freee_ClientID","properties":{"defaultValue":"","expression":"","hideExpression":"false","max":null,"min":null,"noLabel":"false","required":"false","unique":"false"},"type":"SINGLE_LINE_TEXT","var":"freee_ClientID"},"5543100":{"id":"5543100","label":"freee_ClientSecret","properties":{"defaultValue":"","expression":"","hideExpression":"false","max":null,"min":null,"noLabel":"false","required":"false","unique":"false"},"type":"SINGLE_LINE_TEXT","var":"freee_ClientSecret"},"5543132":{"id":"5543132","label":"freee対象アプリ","properties":{"defaultValue":null,"noLabel":"false","options":[{"id":"5543130","label":"取引先作成用","valid":true},{"id":"5543131","label":"取引作成用","valid":true}],"required":"false"},"type":"SINGLE_SELECT","var":"freee対象アプリ"}},"id":"1","label":"__ROOT__","properties":{"noLabel":"true"},"type":"TABLE","var":"__ROOT__"}},"status":{"actions":[],"filters":[],"initialStateId":null,"states":[],"useStatus":"false"},"uuid":"e507da97-b192-4337-96cc-5e7725a65c64","views":[{"advancedMode":null,"builtinType":"ALL","device":null,"fields":[{"row":[{"columnWidth":null,"id":"5543091"},{"columnWidth":null,"id":"5543099"},{"columnWidth":null,"id":"5543100"},{"columnWidth":null,"id":"5543132"}]}],"filter":{"category":null,"offset":null,"order":[],"q":null,"size":null,"sort":[]},"html":null,"keyFieldId":null,"name":"（すべて）","pager":null,"revision":null,"titleFieldId":null,"view":"20","viewType":"LIST"}]}],"description":"freee & kintone BizTech hack用のアプリテンプレートです。","iconKey":"20200827124020F0F909C4E8694A07A4D52A5DCFAB237F111","iconMeta":{"internalName":null,"mime":"image/png","name":"package-delivery_54px.png"},"iconSrcAppId":"ab051668-11b7-420a-ad4b-9f21b21ff2a4","iconType":"BLOB","imagesMeta":[],"lookups":[{"actingAppId":"a040c733-1190-48d8-9b66-fb8c730342b6","fieldMappings":[],"keyMapping":{"fieldId":"5543139","targetFieldId":"5543091"},"listFields":[],"query":{"category":null,"offset":null,"order":["desc"],"q":"order by f5543091 desc","size":null,"sort":["f5543091"]},"targetAppId":"e507da97-b192-4337-96cc-5e7725a65c64"},{"actingAppId":"552f2408-04a5-42ce-8eea-5229b9c3fb8f","fieldMappings":[{"fieldId":"9024","targetFieldId":"9015"},{"fieldId":"9025","targetFieldId":"9016"}],"keyMapping":{"fieldId":"9023","targetFieldId":"9014"},"listFields":["9014","9015","9016"],"query":{"category":null,"offset":null,"order":["desc"],"q":"order by f8998 desc","size":null,"sort":["f8998"]},"targetAppId":"ab051668-11b7-420a-ad4b-9f21b21ff2a4"},{"actingAppId":"552f2408-04a5-42ce-8eea-5229b9c3fb8f","fieldMappings":[{"fieldId":"5543190","targetFieldId":"5543143"}],"keyMapping":{"fieldId":"5543105","targetFieldId":"2178"},"listFields":[],"query":{"category":null,"offset":null,"order":["desc"],"q":"order by f2170 desc","size":null,"sort":["f2170"]},"targetAppId":"a040c733-1190-48d8-9b66-fb8c730342b6"},{"actingAppId":"552f2408-04a5-42ce-8eea-5229b9c3fb8f","fieldMappings":[],"keyMapping":{"fieldId":"5543137","targetFieldId":"5543091"},"listFields":[],"query":{"category":null,"offset":null,"order":["desc"],"q":"order by f5543091 desc","size":null,"sort":["f5543091"]},"targetAppId":"e507da97-b192-4337-96cc-5e7725a65c64"}],"name":"freee & kintone BizTech hack","references":[],"version":"32"}